{"cameraMode":{"drawMode":0,"name":"Shaded","section":"Shading Mode"},"sceneLighting":true,"audioPlay":false,"sceneViewState":{"showFog":true,"showMaterialUpdate":true,"showSkybox":true,"showFlares":true,"showImageEffects":true,"showParticleSystems":true},"in2DMode":false,"pivot":{"x":720.616943359375,"y":719.2113037109375,"z":-1.4046630859375},"rotation":{"x":-0.010499020107090474,"y":-0.013498613610863686,"z":-0.00014357535110320896,"w":0.9998587965965271},"size":666.6009521484375,"orthographic":false}