{"cameraMode":{"drawMode":0,"name":"Shaded","section":"Shading Mode"},"sceneLighting":false,"audioPlay":false,"sceneViewState":{"showFog":true,"showMaterialUpdate":true,"showSkybox":false,"showFlares":true,"showImageEffects":true,"showParticleSystems":true},"in2DMode":false,"pivot":{"x":-0.009745955467224121,"y":0.006980687379837036,"z":-0.004263520240783691},"rotation":{"x":0.11374872177839279,"y":-0.008941496722400189,"z":0.0010237665846943856,"w":0.9934691190719605},"size":8.855042457580567,"orthographic":true}