{"cameraMode":{"drawMode":0,"name":"Shaded","section":"Shading Mode"},"sceneLighting":false,"audioPlay":false,"sceneViewState":{"showFog":true,"showMaterialUpdate":true,"showSkybox":false,"showFlares":true,"showImageEffects":true,"showParticleSystems":true},"in2DMode":false,"pivot":{"x":8.5811767578125,"y":4.896181106567383,"z":-7.450580596923828e-9},"rotation":{"x":0.09876889735460282,"y":0.037307608872652057,"z":-0.0037055707070976497,"w":0.9944040179252625},"size":0.43862903118133547,"orthographic":false}